{"cameraMode":{"drawMode":0,"name":"Shaded","section":"Shading Mode"},"sceneLighting":false,"audioPlay":false,"sceneViewState":{"showFog":true,"showMaterialUpdate":false,"showSkybox":false,"showFlares":true,"showImageEffects":true,"showParticleSystems":true},"in2DMode":false,"pivot":{"x":-2.149277925491333,"y":-1.4474424123764039,"z":0.7710736393928528},"rotation":{"x":0.14164680242538453,"y":-0.8457789421081543,"z":0.2758905291557312,"w":0.43427595496177676},"size":7.566703796386719,"orthographic":false}