{"cameraMode":{"drawMode":0,"name":"Shaded","section":"Shading Mode"},"sceneLighting":false,"audioPlay":false,"sceneViewState":{"showFog":true,"showMaterialUpdate":false,"showSkybox":false,"showFlares":true,"showImageEffects":true,"showParticleSystems":true},"in2DMode":false,"pivot":{"x":-5.393063545227051,"y":-6.027555465698242,"z":5.286642074584961},"rotation":{"x":0.3643404543399811,"y":-0.3609699308872223,"z":0.15581373870372773,"w":0.8442897200584412},"size":8.634867668151856,"orthographic":false}