{"cameraMode":{"drawMode":0,"name":"Shaded","section":"Shading Mode"},"sceneLighting":false,"audioPlay":false,"sceneViewState":{"showFog":true,"showMaterialUpdate":false,"showSkybox":false,"showFlares":true,"showImageEffects":true,"showParticleSystems":true},"in2DMode":false,"pivot":{"x":-1.2770617008209229,"y":2.588442325592041,"z":2.632988691329956},"rotation":{"x":-0.47851717472076418,"y":0.518648087978363,"z":-0.46184825897216799,"w":-0.5374195575714111},"size":3.6186563968658449,"orthographic":false}