{"cameraMode":{"drawMode":0,"name":"Shaded","section":"Shading Mode"},"sceneLighting":false,"audioPlay":false,"sceneViewState":{"showFog":true,"showMaterialUpdate":false,"showSkybox":false,"showFlares":true,"showImageEffects":true,"showParticleSystems":true},"in2DMode":false,"pivot":{"x":-0.6667466759681702,"y":-0.4099670648574829,"z":4.192665100097656},"rotation":{"x":0.12998193502426148,"y":-0.866368293762207,"z":0.38100239634513857,"w":0.29560381174087527},"size":6.225514888763428,"orthographic":false}