{"cameraMode":{"drawMode":0,"name":"Shaded","section":"Shading Mode"},"sceneLighting":true,"audioPlay":false,"sceneViewState":{"showFog":true,"showMaterialUpdate":false,"showSkybox":true,"showFlares":true,"showImageEffects":true,"showParticleSystems":true},"in2DMode":false,"pivot":{"x":61.81966018676758,"y":-39.936038970947269,"z":9.968708038330079},"rotation":{"x":0.22993208467960359,"y":0.6398959159851074,"z":-0.20936860144138337,"w":0.7027623653411865},"size":51.8153190612793,"orthographic":false}