{"cameraMode":{"drawMode":0,"name":"Shaded","section":"Shading Mode"},"sceneLighting":false,"audioPlay":false,"sceneViewState":{"showFog":true,"showMaterialUpdate":false,"showSkybox":false,"showFlares":true,"showImageEffects":true,"showParticleSystems":true},"in2DMode":false,"pivot":{"x":0.5628412961959839,"y":-0.1448671817779541,"z":2.3939428329467775},"rotation":{"x":-0.2916977107524872,"y":0.1588793396949768,"z":-0.049198269844055179,"w":-0.9419462084770203},"size":7.019803047180176,"orthographic":false}