{"cameraMode":{"drawMode":0,"name":"Shaded","section":"Shading Mode"},"sceneLighting":false,"audioPlay":false,"sceneViewState":{"showFog":true,"showMaterialUpdate":false,"showSkybox":false,"showFlares":true,"showImageEffects":true,"showParticleSystems":true},"in2DMode":false,"pivot":{"x":-1.5645637512207032,"y":-4.875629425048828,"z":2.0535268783569338},"rotation":{"x":-0.19078464806079865,"y":-0.7907857298851013,"z":0.49557384848594668,"w":-0.30443891882896426},"size":7.566703796386719,"orthographic":false}