{"cameraMode":{"drawMode":0,"name":"Shaded","section":"Shading Mode"},"sceneLighting":false,"audioPlay":false,"sceneViewState":{"showFog":true,"showMaterialUpdate":false,"showSkybox":false,"showFlares":true,"showImageEffects":true,"showParticleSystems":true},"in2DMode":false,"pivot":{"x":-4.419969081878662,"y":-0.10835610330104828,"z":4.497961044311523},"rotation":{"x":-0.29970771074295046,"y":0.5756689310073853,"z":-0.23886343836784364,"w":-0.7223144173622131},"size":7.566704273223877,"orthographic":false}