{"cameraMode":{"drawMode":0,"name":"Shaded","section":"Shading Mode"},"sceneLighting":false,"audioPlay":false,"sceneViewState":{"showFog":true,"showMaterialUpdate":false,"showSkybox":false,"showFlares":true,"showImageEffects":true,"showParticleSystems":true},"in2DMode":false,"pivot":{"x":-2.3585362434387209,"y":-0.4191293716430664,"z":3.0166733264923097},"rotation":{"x":0.2634725272655487,"y":-0.7358468174934387,"z":0.4221079349517822,"w":0.4592973589897156},"size":7.566704750061035,"orthographic":false}