{"cameraMode":{"drawMode":0,"name":"Shaded","section":"Shading Mode"},"sceneLighting":false,"audioPlay":false,"sceneViewState":{"showFog":true,"showMaterialUpdate":false,"showSkybox":false,"showFlares":true,"showImageEffects":true,"showParticleSystems":true},"in2DMode":false,"pivot":{"x":1.2610477209091187,"y":0.10327792167663574,"z":-0.8952486515045166},"rotation":{"x":-0.26420140266418459,"y":-0.7128867506980896,"z":0.3404238224029541,"w":-0.5532674193382263},"size":1.4249014854431153,"orthographic":false}