{"cameraMode":{"drawMode":0,"name":"Shaded","section":"Shading Mode"},"sceneLighting":false,"audioPlay":false,"sceneViewState":{"showFog":true,"showMaterialUpdate":false,"showSkybox":false,"showFlares":true,"showImageEffects":true,"showParticleSystems":true},"in2DMode":false,"pivot":{"x":5.715054512023926,"y":4.058542728424072,"z":-3.412619113922119},"rotation":{"x":-0.24139311909675599,"y":0.5014446377754211,"z":-0.14806142449378968,"w":-0.8175422549247742},"size":1.5231425762176514,"orthographic":false}