{"cameraMode":{"drawMode":0,"name":"Shaded","section":"Shading Mode"},"sceneLighting":false,"audioPlay":false,"sceneViewState":{"showFog":true,"showMaterialUpdate":false,"showSkybox":false,"showFlares":true,"showImageEffects":true,"showParticleSystems":true},"in2DMode":false,"pivot":{"x":-7.594300746917725,"y":-1.407605528831482,"z":3.9638404846191408},"rotation":{"x":0.15023685991764069,"y":-0.8436421751976013,"z":0.41569045186042788,"w":0.30496376752853396},"size":7.5667033195495609,"orthographic":false}