{"cameraMode":{"drawMode":0,"name":"Shaded","section":"Shading Mode"},"sceneLighting":true,"audioPlay":false,"sceneViewState":{"showFog":true,"showMaterialUpdate":false,"showSkybox":true,"showFlares":true,"showImageEffects":true,"showParticleSystems":true},"in2DMode":false,"pivot":{"x":-1.7115974426269532,"y":5.460122585296631,"z":10.030874252319336},"rotation":{"x":0.22981347143650056,"y":0.42541268467903139,"z":-0.11290882527828217,"w":0.8681385517120361},"size":7.104986667633057,"orthographic":false}