{"cameraMode":{"drawMode":0,"name":"Shaded","section":"Shading Mode"},"sceneLighting":false,"audioPlay":false,"sceneViewState":{"showFog":true,"showMaterialUpdate":false,"showSkybox":false,"showFlares":true,"showImageEffects":true,"showParticleSystems":true},"in2DMode":false,"pivot":{"x":-2.337894916534424,"y":2.5901432037353517,"z":2.6591973304748537},"rotation":{"x":-0.4116414487361908,"y":0.5844202041625977,"z":-0.44800060987472536,"w":-0.5370275378227234},"size":7.566704273223877,"orthographic":false}