{"cameraMode":{"drawMode":0,"name":"Shaded","section":"Shading Mode"},"sceneLighting":false,"audioPlay":false,"sceneViewState":{"showFog":true,"showMaterialUpdate":false,"showSkybox":false,"showFlares":true,"showImageEffects":true,"showParticleSystems":true},"in2DMode":false,"pivot":{"x":2.359232187271118,"y":-2.394641637802124,"z":-0.021955596283078195},"rotation":{"x":0.07165787369012833,"y":-0.8941267132759094,"z":0.41419824957847597,"w":0.15474246442317964},"size":7.566703796386719,"orthographic":false}