{"cameraMode":{"drawMode":0,"name":"Shaded","section":"Shading Mode"},"sceneLighting":false,"audioPlay":false,"sceneViewState":{"showFog":true,"showMaterialUpdate":false,"showSkybox":false,"showFlares":true,"showImageEffects":true,"showParticleSystems":true},"in2DMode":false,"pivot":{"x":-4.611140727996826,"y":-2.6083123683929445,"z":5.43547248840332},"rotation":{"x":-0.19888190925121308,"y":0.5260392427444458,"z":-0.1280682235956192,"w":-0.8169211745262146},"size":9.543097496032715,"orthographic":false}