{"cameraMode":{"drawMode":0,"name":"Shaded","section":"Shading Mode"},"sceneLighting":false,"audioPlay":false,"sceneViewState":{"showFog":true,"showMaterialUpdate":false,"showSkybox":false,"showFlares":true,"showImageEffects":true,"showParticleSystems":true},"in2DMode":false,"pivot":{"x":0.7206918597221375,"y":0.8548247814178467,"z":6.041534900665283},"rotation":{"x":0.21588967740535737,"y":0.12063608318567276,"z":-0.026888443157076837,"w":0.9685736298561096},"size":6.851517200469971,"orthographic":false}