{"cameraMode":{"drawMode":0,"name":"Shaded","section":"Shading Mode"},"sceneLighting":false,"audioPlay":false,"sceneViewState":{"showFog":true,"showMaterialUpdate":false,"showSkybox":false,"showFlares":true,"showImageEffects":true,"showParticleSystems":true},"in2DMode":false,"pivot":{"x":2.959310531616211,"y":-1.1065531969070435,"z":-2.1434073448181154},"rotation":{"x":0.17013713717460633,"y":0.6917146444320679,"z":-0.1730312556028366,"w":0.6801974773406982},"size":8.40364933013916,"orthographic":false}