{"cameraMode":{"drawMode":0,"name":"Shaded","section":"Shading Mode"},"sceneLighting":false,"audioPlay":false,"sceneViewState":{"showFog":true,"showMaterialUpdate":false,"showSkybox":false,"showFlares":true,"showImageEffects":true,"showParticleSystems":true},"in2DMode":false,"pivot":{"x":1.2699999809265137,"y":0.10327756404876709,"z":-0.8587092161178589},"rotation":{"x":-0.07888311892747879,"y":0.8770748376846314,"z":-0.15445007383823396,"w":-0.44795334339141848},"size":1.4249014854431153,"orthographic":false}