{"cameraMode":{"drawMode":0,"name":"Shaded","section":"Shading Mode"},"sceneLighting":true,"audioPlay":false,"sceneViewState":{"showFog":true,"showMaterialUpdate":false,"showSkybox":true,"showFlares":true,"showImageEffects":true,"showParticleSystems":true},"in2DMode":false,"pivot":{"x":77.41928100585938,"y":-68.9843521118164,"z":30.71360206604004},"rotation":{"x":-0.25959253311157229,"y":-0.6538822054862976,"z":0.25603169202804568,"w":-0.6629608273506165},"size":67.01175689697266,"orthographic":false}