{"cameraMode":{"drawMode":0,"name":"Shaded","section":"Shading Mode"},"sceneLighting":false,"audioPlay":false,"sceneViewState":{"showFog":true,"showMaterialUpdate":false,"showSkybox":false,"showFlares":true,"showImageEffects":true,"showParticleSystems":true},"in2DMode":false,"pivot":{"x":-3.1836347579956056,"y":-2.4002065658569338,"z":3.0753026008605959},"rotation":{"x":-0.20462153851985932,"y":0.7523044943809509,"z":-0.27317309379577639,"w":-0.5635223388671875},"size":7.566703796386719,"orthographic":false}