{"cameraMode":{"drawMode":0,"name":"Shaded","section":"Shading Mode"},"sceneLighting":false,"audioPlay":false,"sceneViewState":{"showFog":true,"showMaterialUpdate":false,"showSkybox":false,"showFlares":true,"showImageEffects":true,"showParticleSystems":true},"in2DMode":false,"pivot":{"x":1.3711830377578736,"y":0.40980416536331179,"z":-0.7161121964454651},"rotation":{"x":-0.14351479709148408,"y":-0.8531901240348816,"z":0.3109439015388489,"w":-0.3936306834220886},"size":1.97935152053833,"orthographic":false}