{"cameraMode":{"drawMode":0,"name":"Shaded","section":"Shading Mode"},"sceneLighting":false,"audioPlay":false,"sceneViewState":{"showFog":true,"showMaterialUpdate":false,"showSkybox":false,"showFlares":true,"showImageEffects":true,"showParticleSystems":true},"in2DMode":false,"pivot":{"x":-3.1089043617248537,"y":-2.907395362854004,"z":7.415356159210205},"rotation":{"x":0.1227617934346199,"y":-0.8376649618148804,"z":0.4889015853404999,"w":0.21033082902431489},"size":7.566704273223877,"orthographic":false}